<?xml version="1.0" encoding="UTF-8"?>
<MV METHOD="STATUS-CHANGE" TYPE="REDEEMED">
   <SECURITY>
      <USERNAME />
      <REMOTE-IP />
      <HASH TYPE="" />
   </SECURITY>
   <VOUCHERS COUNT="1" PERIODFROM="2019-02-25T14:31:08+0000" PERIODTO="2019-03-01T23:59:59+0000">
      <VOUCHER COUNT="1" REFERENCE="12345" CAMPAIGN="81638" ISSUERID="17318" COMPANYID="14664">
         <CAMPAIGN ID="81638">AA - All Brands</CAMPAIGN>
         <OFFER ID="73067" REFERENCE="">AA All Brands</OFFER>
         <VOUCHERCODE></VOUCHERCODE>
         <STATUS>REDEEMED</STATUS>
         <TIMESTAMP>25/02/2019 14:32:49</TIMESTAMP>
         <LOCATION>177776</LOCATION>
         <DETAILS>
            <ITEM NAME="OFFERID">73067</ITEM>
            <ITEM NAME="CAMPAIGNID">81638</ITEM>
         </DETAILS>
      </VOUCHER>
   </VOUCHERS>
</MV>